epoch,train_loss,train_acc,val_loss,val_acc,epoch_time_sec
1,3.5281122186923026,0.2478733775543364,2.633739509583376,0.40364747102686194,2628.087351322174
